{
  "drift_score": 0.0,
  "residual_sample": [
    123000.63217249513,
    25792.143913292326,
    -1112676.3813061193,
    -184389.66168193333,
    236051.8255344471,
    237716.46588484105,
    271178.61849182565,
    285979.17291555647,
    307011.8646563543,
    317038.9094369421,
    323212.26906112954,
    311045.04627750814,
    318262.69662790373,
    299962.4692348866,
    254138.6236586189,
    281706.845399417,
    281772.7801800044,
    264727.2698041918,
    245989.26702057105,
    259282.19737096597,
    -442191.60002205055,
    315840.0844016811,
    167741.29614247847,
    -107248.88907693233,
    361740.2005472537,
    250118.48776363302,
    -315901.7418859722,
    41696.22072101198,
    210069.44514474273,
    180167.41688554082,
    255338.90925419424,
    -15483.140012851916,
    -1456173.7563277232,
    264468.31568864547,
    355040.5203866279,
    383147.4733315604,
    361153.6163601745,
    367772.2787620397,
    334478.89949499443,
    321270.87318012305,
    342475.45519649144,
    359530.8098944742,
    346590.06283940654,
    352589.65586802084,
    339913.3182698861,
    326433.64900284074,
    306828.3326879684,
    303935.82470433787,
    371931.0594023196,
    72568.91234725248,
    -203903.7346241325,
    357159.65777773317,
    177959.65851068683,
    -157985.7278041849,
    331504.2342121843,
    199469.32891016733,
    -412882.4781449009,
    -11057.865116287023,
    107785.20728557836,
    101226.95801853109,
    63217.93536535092,
    -1428793.7943032626,
    -309841.93179643527,
    218410.457212938,
    243586.06070608832,
    194359.8123463206,
    177556.4626692664,
    143978.96295491792,
    188819.2032863032,
    77882.71579313092,
    109223.38480250537,
    106394.03829565458,
    81409.44993588515,
    53337.830258833244,
    33945.51054448262,
    17975.220875870436,
    13248.53338269703,
    -60771.45760792866,
    10289.14588522166,
    -904017.222474548,
    -49501.822151601315,
    -187929.7018659506,
    -581804.9915345637,
    -246920.26902773604,
    -375765.7700183634,
    -900340.4465252124,
    -494952.0848849807,
    -401613.4245620351,
    -430711.784276383,
    -294568.6639449969,
    -861126.3126915637,
    -945897.5806357954,
    156773.56757739186,
    203298.3282342907,
    129974.20402151346,
    122638.73778669909,
    138615.31998715736,
    80286.42267126404,
    49245.904727030545,
    38719.162940219045,
    95419.36359711923,
    -1956.3606156595051,
    -11656.506850473583,
    -241.32465001381934,
    -73013.66196591035,
    -207120.78991014138,
    -184143.21169695258,
    -151010.6010400541,
    -161509.1852528304,
    -997663.3214876447,
    -186499.73928718828,
    -341785.58660308085,
    -699939.1145473132,
    -282060.9863341246,
    -637714.4756772248,
    -949151.8598900046,
    -637234.1761248186,
    -556423.7039243598,
    -485974.4412402529,
    -669038.189184485,
    -1421362.1135281473,
    -141815.34223870374,
    76333.68852433097,
    102085.61890111212,
    84138.32474819198,
    29003.796799410135,
    -56088.271933591925,
    -241329.06252966262,
    -49116.951240219176,
    -106828.48047718406,
    -78781.61010040343,
    -109932.52425332274,
    -135051.98220210616,
    -112266.58093510848,
    -184053.94153117854,
    -158286.81024173554,
    -214482.11947869975,
    -524194.7691019196,
    -838573.0632548388,
    -287147.2912036218,
    -337657.3899366241,
    -670005.3705326933,
    -295587.17924325075,
    -444751.20848021563,
    -1022403.9781034347,
    -611533.1222563544,
    -497018.71020513773,
    -526255.4989381395,
    -385067.1695342092,
    -669416.2682447666
  ],
  "residual_summary": {
    "mean": -93304.0923656501,
    "p90_abs": 669075.9970905131,
    "std": 407902.5346425746
  },
  "selected_model": "ets"
}