{
  "drift_score": 0.0,
  "residual_sample": [
    -11439551.090000004,
    -15823030.689999998,
    -14534219.719999999,
    -12743869.129999995,
    -13820376.910000026,
    -11290683.75,
    -11601991.50999999,
    -7245030.6099999845,
    -11886641.01000002,
    -16090893.199999988,
    -20272040.310000002,
    -6092803.98999998,
    6715056.079999983,
    14201901.420000017,
    10185518.439999998,
    7000445.840000004,
    7671697.340000004,
    14975005.300000012,
    10700096.75,
    9559965.710000008,
    11138615.24000001,
    13638725.090000004,
    17732018.72,
    12346729.859999985,
    9324558.660000026,
    4318765.0,
    9997412.390000015,
    11353442.50999999,
    12845552.52000001,
    4572977.289999992,
    7603952.680000007,
    -203079.73000001907,
    -2011271.9799999893,
    35141.65000000596,
    -6587748.610000014,
    -9865172.569999993,
    -4052210.2900000215,
    8539559.079999983,
    9758346.969999999,
    16748788.800000012
  ],
  "residual_summary": {
    "mean": 1385091.456000001,
    "p90_abs": 15849816.940999998,
    "std": 11051667.002777038
  },
  "selected_model": "seasonal_naive"
}